subreddit,label,count
Minecraft,other,671646
Eldenring,other,634060
Genshin_Impact,other,555686
pokemongo,other,373640
VALORANT,other,317794
CallOfDutyMobile,other,312899
FIFA,other,297790
pokemon,other,291050
DestinyTheGame,other,253196
RocketLeagueExchange,other,217533
RocketLeagueExchange,game items trading,144268
Minecraft,bug report,106622
Minecraft,lore discussion,64098
Eldenring,gameplay discussion,54598
Eldenring,bug report,51701
DestinyTheGame,bug report,50252
Minecraft,gameplay discussion,38968
RocketLeagueExchange,gameplay discussion,38045
Eldenring,game items trading,36795
VALORANT,bug report,33166
Genshin_Impact,bug report,32712
Eldenring,lore discussion,32106
Genshin_Impact,story related discussion,31970
DestinyTheGame,game items trading,28413
Genshin_Impact,gameplay discussion,27348
CallOfDutyMobile,bug report,26609
DestinyTheGame,gameplay discussion,23440
FIFA,game items trading,22542
FIFA,bug report,20528
pokemon,game items trading,19570
VALORANT,game items trading,19301
Eldenring,story related discussion,18085
Minecraft,game items trading,18083
pokemongo,bug report,16292
pokemongo,game items trading,16164
VALORANT,gameplay discussion,15737
Genshin_Impact,lore discussion,15222
pokemon,bug report,14920
Genshin_Impact,game items trading,13295
FIFA,gameplay discussion,12814
CallOfDutyMobile,game items trading,12565
DestinyTheGame,story related discussion,12132
DestinyTheGame,lore discussion,11676
pokemon,gameplay discussion,11669
pokemon,story related discussion,10467
CallOfDutyMobile,gameplay discussion,9700
RocketLeagueExchange,lore discussion,9009
pokemongo,gameplay discussion,7870
pokemon,lore discussion,7555
RocketLeagueExchange,bug report,6065
Minecraft,story related discussion,4205
FIFA,lore discussion,4071
VALORANT,story related discussion,2906
CallOfDutyMobile,story related discussion,2701
VALORANT,lore discussion,2450
pokemongo,lore discussion,2049
CallOfDutyMobile,lore discussion,2039
FIFA,story related discussion,1546
pokemongo,story related discussion,1460
RocketLeagueExchange,story related discussion,913
