subreddit,sentiment,count
legostarwars,neg,17744
FinalFantasy,pos,19116
GTA,pos,30882
assassinscreed,neg,12518
Tetris,neg,2106
thesims,neutral,203
SuperMario,neutral,3
CallOfDuty,neg,19995
GTA,neg,19230
pokemon,neg,52706
pokemon,pos,175635
assassinscreed,pos,39669
FinalFantasy,neg,10586
FIFA,neg,54968
legostarwars,pos,29636
legostarwars,neutral,105
FIFA,neutral,528
CallOfDuty,neutral,109
Tetris,neutral,23
SuperMario,neg,211
thesims,pos,22091
thesims,neg,21063
SuperMario,pos,464
CallOfDuty,pos,78279
FIFA,pos,193598
Tetris,pos,2724
pokemon,neutral,703
FinalFantasy,neutral,122
assassinscreed,neutral,216
GTA,neutral,175
