subreddit,sentiment,count,Total Sales
FIFA,pos,193598,325000000.0
FIFA,neutral,528,325000000.0
FIFA,neg,54968,325000000.0
pokemon,pos,175635,480660000.0
pokemon,neutral,703,480660000.0
pokemon,neg,52706,480660000.0
CallOfDuty,pos,78279,400000000.0
CallOfDuty,neutral,109,400000000.0
CallOfDuty,neg,19995,400000000.0
assassinscreed,pos,39669,200000000.0
assassinscreed,neutral,216,200000000.0
assassinscreed,neg,12518,200000000.0
GTA,pos,30882,400000000.0
GTA,neutral,175,400000000.0
GTA,neg,19230,400000000.0
legostarwars,pos,29636,203220000.0
legostarwars,neutral,105,203220000.0
legostarwars,neg,17744,203220000.0
thesims,pos,22091,200000000.0
thesims,neutral,203,200000000.0
thesims,neg,21063,200000000.0
FinalFantasy,pos,19116,180000000.0
FinalFantasy,neutral,122,180000000.0
FinalFantasy,neg,10586,180000000.0
Tetris,pos,2724,496400000.0
Tetris,neutral,23,496400000.0
Tetris,neg,2106,496400000.0
SuperMario,pos,464,401830000.0
SuperMario,neutral,3,401830000.0
SuperMario,neg,211,401830000.0
