subreddit,year,month,post_count
FinalFantasy,2023,2,1563
FinalFantasy,2021,2,1860
assassinscreed,2023,2,1432
FinalFantasy,2022,11,1380
GTA,2023,3,2423
CallOfDuty,2022,11,12134
Tetris,2022,11,245
FIFA,2023,1,12904
thesims,2023,1,2453
FIFA,2022,10,17645
GTA,2022,12,2439
thesims,2022,12,2291
assassinscreed,2021,4,2856
FinalFantasy,2022,3,1877
assassinscreed,2022,3,2043
FIFA,2022,3,10672
GTA,2022,7,3031
Tetris,2022,7,288
FinalFantasy,2022,1,2037
assassinscreed,2022,6,2162
GTA,2022,5,2330
CallOfDuty,2022,5,3784
assassinscreed,2022,4,1869
GTA,2022,2,2827
thesims,2021,7,3551
Tetris,2021,9,386
Tetris,2021,12,450
CallOfDuty,2021,11,7076
SuperMario,2021,11,33
FIFA,2021,10,24534
pokemon,2021,10,11239
SuperMario,2021,7,33
FIFA,2021,2,20680
thesims,2021,2,3244
thesims,2022,11,2308
thesims,2023,3,3746
pokemon,2022,11,20014
Tetris,2023,2,275
pokemon,2022,10,9580
FinalFantasy,2022,12,2166
GTA,2022,9,3470
legostarwars,2022,8,4689
assassinscreed,2022,8,2372
FIFA,2022,2,13334
FinalFantasy,2021,4,1675
thesims,2021,4,2806
legostarwars,2022,3,3960
CallOfDuty,2022,6,3800
thesims,2021,3,3134
legostarwars,2021,3,3540
legostarwars,2022,6,3715
FinalFantasy,2022,5,1606
SuperMario,2021,9,38
FinalFantasy,2021,1,1951
SuperMario,2022,8,85
GTA,2021,5,2665
Tetris,2021,5,462
Tetris,2022,4,311
GTA,2021,11,11813
FIFA,2021,11,15934
SuperMario,2022,1,44
FinalFantasy,2021,7,2091
Tetris,2021,7,424
legostarwars,2021,7,3775
pokemon,2023,3,9830
GTA,2023,2,2073
assassinscreed,2023,3,1473
FIFA,2023,2,9132
pokemon,2023,1,12544
GTA,2022,10,2740
CallOfDuty,2022,10,8505
legostarwars,2022,12,3475
FIFA,2022,12,11625
assassinscreed,2022,9,4311
Tetris,2022,12,254
GTA,2022,8,3080
CallOfDuty,2022,8,3833
pokemon,2022,7,9750
thesims,2022,7,3502
assassinscreed,2022,7,2434
FIFA,2021,3,19496
Tetris,2022,1,323
pokemon,2022,5,9433
Tetris,2022,8,276
CallOfDuty,2022,4,3955
SuperMario,2022,6,54
CallOfDuty,2021,8,5683
thesims,2021,9,2752
assassinscreed,2021,9,2348
FIFA,2021,9,16085
pokemon,2021,7,12707
FinalFantasy,2021,12,2262
pokemon,2021,11,18611
Tetris,2021,11,382
GTA,2021,10,3919
Tetris,2021,10,387
GTA,2021,2,2613
legostarwars,2021,2,4304
Tetris,2021,2,342
SuperMario,2023,3,126
assassinscreed,2022,11,1791
FIFA,2021,6,9680
CallOfDuty,2022,12,6449
assassinscreed,2022,12,2036
CallOfDuty,2022,9,6494
FinalFantasy,2022,9,1515
legostarwars,2022,9,3093
Tetris,2022,9,278
pokemon,2022,8,11950
legostarwars,2022,2,3918
legostarwars,2021,4,3136
CallOfDuty,2021,4,6351
GTA,2021,4,2404
FinalFantasy,2022,7,1808
assassinscreed,2022,1,2597
GTA,2022,1,3319
GTA,2021,3,2351
FinalFantasy,2022,6,2122
Tetris,2022,6,326
assassinscreed,2022,5,1797
legostarwars,2021,5,4115
assassinscreed,2021,11,1925
FIFA,2021,7,9355
assassinscreed,2021,7,2779
legostarwars,2023,3,3237
pokemon,2023,2,8926
FIFA,2023,3,8126
pokemon,2021,2,16796
CallOfDuty,2023,3,4038
pokemon,2021,6,11301
GTA,2021,6,2588
assassinscreed,2023,1,1888
SuperMario,2023,1,120
pokemon,2021,4,12827
SuperMario,2022,10,175
SuperMario,2022,12,93
SuperMario,2022,9,64
GTA,2022,3,3479
CallOfDuty,2022,3,3578
Tetris,2022,3,295
FIFA,2022,7,7366
legostarwars,2022,7,3757
pokemon,2021,3,17098
CallOfDuty,2021,3,6233
thesims,2022,1,2663
Tetris,2021,3,396
thesims,2022,5,2535
FIFA,2022,5,10784
FIFA,2022,4,8103
Tetris,2021,1,476
assassinscreed,2022,2,1988
pokemon,2022,2,16145
GTA,2021,8,3468
GTA,2021,12,4840
pokemon,2021,12,16498
legostarwars,2021,12,3382
legostarwars,2021,11,2298
legostarwars,2021,10,2328
thesims,2023,2,2469
CallOfDuty,2023,2,3847
legostarwars,2022,11,2435
GTA,2022,11,2078
assassinscreed,2021,6,2591
FinalFantasy,2021,6,2473
Tetris,2023,3,240
FinalFantasy,2023,1,2051
legostarwars,2023,1,4047
thesims,2022,10,2441
SuperMario,2023,2,99
SuperMario,2022,11,109
pokemon,2022,12,17871
pokemon,2022,9,9226
CallOfDuty,2022,2,3673
thesims,2022,2,2537
SuperMario,2022,7,58
pokemon,2022,3,14793
thesims,2022,4,2362
thesims,2022,3,2626
assassinscreed,2021,3,3836
legostarwars,2021,9,2753
CallOfDuty,2021,1,7520
assassinscreed,2021,1,6097
pokemon,2021,5,11696
Tetris,2022,2,301
Tetris,2022,5,260
FIFA,2021,8,8106
legostarwars,2021,8,4369
thesims,2021,8,3140
FinalFantasy,2021,11,1693
thesims,2021,10,2446
CallOfDuty,2021,12,5525
SuperMario,2021,8,29
SuperMario,2021,10,36
FinalFantasy,2023,3,1709
legostarwars,2023,2,2784
assassinscreed,2021,2,4197
legostarwars,2021,6,3251
CallOfDuty,2023,1,4495
FinalFantasy,2022,10,1518
assassinscreed,2022,10,2584
Tetris,2022,10,299
thesims,2022,9,2116
FinalFantasy,2022,8,1591
Tetris,2021,4,351
CallOfDuty,2022,7,3990
thesims,2022,8,3214
pokemon,2022,1,15518
legostarwars,2022,1,4340
FIFA,2022,6,7754
assassinscreed,2021,5,3172
thesims,2021,5,2778
GTA,2022,4,2636
FinalFantasy,2022,4,1623
legostarwars,2021,1,5612
assassinscreed,2021,8,3006
SuperMario,2022,4,59
GTA,2021,9,2601
CallOfDuty,2021,9,5454
GTA,2021,7,3895
assassinscreed,2021,12,2941
Tetris,2021,8,415
assassinscreed,2021,10,2157
CallOfDuty,2021,2,7025
FIFA,2022,11,12188
CallOfDuty,2021,6,4578
thesims,2021,6,3007
Tetris,2021,6,400
GTA,2023,1,2654
Tetris,2023,1,207
legostarwars,2022,10,2718
FIFA,2022,9,11663
FIFA,2022,8,7020
FinalFantasy,2022,2,1551
FIFA,2021,4,14249
pokemon,2022,4,10204
legostarwars,2022,4,6568
FIFA,2022,1,16684
CallOfDuty,2022,1,5050
pokemon,2022,6,10449
FinalFantasy,2021,3,2031
thesims,2022,6,3100
GTA,2022,6,2119
legostarwars,2022,5,5022
pokemon,2021,9,11397
FinalFantasy,2021,9,2097
pokemon,2021,1,14384
thesims,2021,1,3422
GTA,2021,1,3100
FIFA,2021,1,27070
FIFA,2021,5,14066
FinalFantasy,2021,5,1629
CallOfDuty,2021,5,5411
SuperMario,2021,6,20
SuperMario,2022,3,79
SuperMario,2022,5,56
pokemon,2021,8,14444
FinalFantasy,2021,8,2270
thesims,2021,11,2212
CallOfDuty,2021,10,4046
SuperMario,2022,2,56
FIFA,2021,12,15036
thesims,2021,12,2602
CallOfDuty,2021,7,4740
SuperMario,2021,12,39
FinalFantasy,2021,10,1909
