subreddit,year,month,count
Eldenring,2022,3,263766
Eldenring,2022,4,125131
Eldenring,2022,2,74191
Minecraft,2021,2,63351
Minecraft,2021,1,61852
Eldenring,2022,5,60769
Minecraft,2021,3,58408
RocketLeagueExchange,2021,1,55492
RocketLeagueExchange,2021,2,54371
Minecraft,2021,7,49769
Genshin_Impact,2021,1,49219
Minecraft,2021,6,48842
RocketLeagueExchange,2021,3,46778
Minecraft,2021,4,45498
Genshin_Impact,2021,2,43698
Minecraft,2021,8,43317
Genshin_Impact,2021,9,41191
Minecraft,2021,5,40998
Genshin_Impact,2021,3,38508
Minecraft,2021,12,37586
Minecraft,2021,10,37227
RocketLeagueExchange,2021,4,35950
Genshin_Impact,2021,7,35095
Eldenring,2022,6,33955
Minecraft,2021,9,33655
Minecraft,2022,7,32663
Genshin_Impact,2021,8,32562
Minecraft,2022,1,31521
Genshin_Impact,2021,5,31372
Genshin_Impact,2021,4,30993
Genshin_Impact,2021,10,29994
Genshin_Impact,2021,6,29815
CallOfDutyMobile,2021,1,29613
Minecraft,2021,11,28707
Eldenring,2023,1,28055
Genshin_Impact,2022,1,28013
Minecraft,2022,6,27874
FIFA,2021,1,27070
Eldenring,2022,7,26663
Minecraft,2022,8,26599
DestinyTheGame,2023,3,26542
Minecraft,2022,2,25340
Minecraft,2022,3,25129
Eldenring,2022,12,25035
Minecraft,2022,4,25010
Eldenring,2022,8,24829
FIFA,2021,10,24534
CallOfDutyMobile,2021,7,23879
CallOfDutyMobile,2021,8,23811
pokemongo,2022,8,23594
Genshin_Impact,2021,11,23412
RocketLeagueExchange,2021,5,23350
Minecraft,2022,10,23338
CallOfDutyMobile,2021,3,23135
DestinyTheGame,2021,5,23118
pokemongo,2022,7,22839
Genshin_Impact,2021,12,22473
CallOfDutyMobile,2021,5,22468
Eldenring,2023,3,22078
pokemongo,2022,9,22069
Genshin_Impact,2022,2,21970
Minecraft,2023,1,21598
CallOfDutyMobile,2021,2,21597
DestinyTheGame,2021,2,21543
Minecraft,2022,5,21477
pokemongo,2022,6,21463
Eldenring,2023,2,21381
CallOfDutyMobile,2021,9,21379
pokemongo,2023,2,21110
pokemongo,2022,10,21065
Genshin_Impact,2022,8,20751
VALORANT,2021,3,20731
FIFA,2021,2,20680
pokemongo,2022,11,20546
CallOfDutyMobile,2021,4,20520
Genshin_Impact,2022,9,20220
CallOfDutyMobile,2021,10,20200
CallOfDutyMobile,2021,6,20133
Minecraft,2022,12,20034
pokemon,2022,11,20014
Genshin_Impact,2022,7,20012
VALORANT,2021,2,19621
FIFA,2021,3,19496
Genshin_Impact,2022,3,19484
pokemongo,2023,3,19427
Minecraft,2023,3,19373
DestinyTheGame,2021,9,19023
Minecraft,2022,9,18780
VALORANT,2021,1,18718
pokemon,2021,11,18611
Minecraft,2023,2,18570
VALORANT,2022,1,18328
RocketLeagueExchange,2021,6,18303
Genshin_Impact,2022,4,18228
Eldenring,2022,9,18004
VALORANT,2021,4,18000
DestinyTheGame,2021,8,17908
pokemon,2022,12,17871
pokemongo,2023,1,17668
FIFA,2022,10,17645
DestinyTheGame,2022,2,17573
VALORANT,2021,6,17563
Eldenring,2022,10,17295
Genshin_Impact,2022,10,17256
VALORANT,2021,5,17163
Minecraft,2022,11,17106
pokemon,2021,3,17098
pokemongo,2022,12,17086
VALORANT,2021,7,17017
pokemon,2021,2,16796
FIFA,2022,1,16684
Genshin_Impact,2022,12,16660
pokemon,2021,12,16498
DestinyTheGame,2021,3,16372
DestinyTheGame,2022,3,16299
Eldenring,2021,11,16227
pokemon,2022,2,16145
pokemongo,2022,5,16141
FIFA,2021,9,16085
Genshin_Impact,2022,11,16020
CallOfDutyMobile,2021,11,15967
FIFA,2021,11,15934
Genshin_Impact,2023,1,15722
VALORANT,2022,8,15663
VALORANT,2021,9,15653
VALORANT,2022,4,15606
pokemongo,2022,4,15552
pokemon,2022,1,15518
VALORANT,2021,8,15503
VALORANT,2022,3,15363
DestinyTheGame,2021,1,15194
FIFA,2021,12,15036
Eldenring,2022,11,15005
pokemongo,2021,12,14931
VALORANT,2022,7,14902
DestinyTheGame,2022,8,14862
pokemongo,2021,11,14861
VALORANT,2022,2,14840
pokemon,2022,3,14793
pokemongo,2021,10,14580
pokemon,2021,8,14444
pokemongo,2021,9,14434
VALORANT,2021,10,14405
VALORANT,2022,5,14388
pokemon,2021,1,14384
FIFA,2021,4,14249
VALORANT,2022,6,14198
pokemongo,2022,3,14169
Genshin_Impact,2022,6,14095
FIFA,2021,5,14066
DestinyTheGame,2022,9,14018
VALORANT,2021,11,13710
DestinyTheGame,2021,6,13688
DestinyTheGame,2022,5,13655
VALORANT,2021,12,13635
Genshin_Impact,2022,5,13593
RocketLeagueExchange,2021,8,13380
Eldenring,2021,6,13374
FIFA,2022,2,13334
pokemongo,2021,2,13267
DestinyTheGame,2021,10,13262
Genshin_Impact,2023,2,13145
pokemongo,2022,2,13086
FIFA,2023,1,12904
DestinyTheGame,2021,4,12852
pokemon,2021,4,12827
Genshin_Impact,2023,3,12732
pokemon,2021,7,12707
pokemongo,2022,1,12684
DestinyTheGame,2022,6,12629
DestinyTheGame,2021,12,12613
CallOfDutyMobile,2021,12,12585
RocketLeagueExchange,2021,7,12559
pokemon,2023,1,12544
DestinyTheGame,2021,7,12315
FIFA,2022,11,12188
VALORANT,2022,9,12128
CallOfDutyMobile,2022,1,12020
pokemon,2022,8,11950
pokemongo,2021,1,11707
pokemon,2021,5,11696
DestinyTheGame,2023,2,11674
FIFA,2022,9,11663
FIFA,2022,12,11625
pokemongo,2021,3,11556
pokemongo,2021,7,11430
pokemon,2021,9,11397
pokemon,2021,6,11301
DestinyTheGame,2022,12,11265
pokemongo,2021,8,11245
pokemon,2021,10,11239
FIFA,2022,5,10784
FIFA,2022,3,10672
DestinyTheGame,2022,1,10581
pokemon,2022,6,10449
VALORANT,2022,10,10394
DestinyTheGame,2023,1,10269
RocketLeagueExchange,2021,10,10213
pokemon,2022,4,10204
VALORANT,2023,1,10039
RocketLeagueExchange,2021,9,9935
VALORANT,2023,3,9880
pokemon,2023,3,9830
pokemon,2022,7,9750
DestinyTheGame,2022,7,9735
FIFA,2021,6,9680
pokemon,2022,10,9580
RocketLeagueExchange,2022,1,9497
pokemon,2022,5,9433
FIFA,2021,7,9355
DestinyTheGame,2022,4,9280
pokemon,2022,9,9226
CallOfDutyMobile,2022,3,9219
RocketLeagueExchange,2022,2,9139
FIFA,2023,2,9132
CallOfDutyMobile,2022,2,9068
CallOfDutyMobile,2022,4,9038
pokemon,2023,2,8926
RocketLeagueExchange,2023,1,8871
DestinyTheGame,2022,10,8728
RocketLeagueExchange,2021,11,8722
RocketLeagueExchange,2022,7,8559
RocketLeagueExchange,2022,8,8547
DestinyTheGame,2021,11,8540
RocketLeagueExchange,2022,3,8257
RocketLeagueExchange,2022,12,8207
RocketLeagueExchange,2021,12,8201
FIFA,2023,3,8126
VALORANT,2022,12,8112
FIFA,2021,8,8106
FIFA,2022,4,8103
CallOfDutyMobile,2022,5,8038
RocketLeagueExchange,2022,5,7990
RocketLeagueExchange,2022,9,7986
VALORANT,2022,11,7924
VALORANT,2023,2,7870
CallOfDutyMobile,2022,11,7827
FIFA,2022,6,7754
RocketLeagueExchange,2022,6,7636
RocketLeagueExchange,2023,2,7451
CallOfDutyMobile,2022,8,7448
pokemongo,2021,4,7419
CallOfDutyMobile,2022,6,7376
FIFA,2022,7,7366
CallOfDutyMobile,2022,7,7240
RocketLeagueExchange,2022,4,7148
FIFA,2022,8,7020
RocketLeagueExchange,2023,3,6889
pokemongo,2021,6,6812
RocketLeagueExchange,2022,10,6805
pokemongo,2021,5,6734
CallOfDutyMobile,2022,10,6354
CallOfDutyMobile,2023,1,6041
CallOfDutyMobile,2022,12,5876
Eldenring,2021,3,5691
RocketLeagueExchange,2022,11,5597
DestinyTheGame,2022,11,5571
CallOfDutyMobile,2022,9,5415
CallOfDutyMobile,2023,3,5226
CallOfDutyMobile,2023,2,5040
Eldenring,2021,2,4874
Eldenring,2022,1,4583
Eldenring,2021,12,4451
Eldenring,2021,10,4189
Eldenring,2021,1,4068
Eldenring,2021,4,3020
Eldenring,2021,9,2998
Eldenring,2021,8,2941
Eldenring,2021,5,2766
Eldenring,2021,7,2006
