subreddit,sentiment,tfidf,words,value,is_positive,is_negative
CallOfDuty,neg,"['help', 0.03217430299896687]",help,0.03217430299896687,False,True
CallOfDuty,neg,"['mw2', 0.03169646279262001]",mw2,0.03169646279262001,False,True
CallOfDuty,neg,"['duty', 0.022321380470304703]",duty,0.022321380470304703,False,True
CallOfDuty,neg,"['mw', 0.020356086531539804]",mw,0.020356086531539804,False,True
CallOfDuty,neg,"['fix', 0.015039643949019823]",fix,0.015039643949019823,False,True
CallOfDuty,neg,"['activision', 0.014956139980675744]",activision,0.014956139980675744,False,True
CallOfDuty,neg,"['warzone', 0.01396059912191899]",warzone,0.01396059912191899,False,True
CallOfDuty,neg,"['play', 0.013418597461183459]",play,0.013418597461183459,False,True
CallOfDuty,neg,"['account', 0.01280624103116993]",account,0.01280624103116993,False,True
CallOfDuty,neg,"['need', 0.01257353054458492]",need,0.01257353054458492,False,True
CallOfDuty,neg,"['know', 0.011201175229480166]",know,0.011201175229480166,False,True
CallOfDuty,neg,"['campaign', 0.010562701365254733]",campaign,0.010562701365254733,False,True
CallOfDuty,neg,"['warfare', 0.010492953540569727]",warfare,0.010492953540569727,False,True
CallOfDuty,neg,"['modern', 0.010219537929251838]",modern,0.010219537929251838,False,True
CallOfDuty,neg,"['war', 0.009938294716036427]",war,0.009938294716036427,False,True
CallOfDuty,neutral,"['mw2', 0.04372460467224198]",mw2,0.04372460467224198,False,False
CallOfDuty,neutral,"['duty', 0.0331965914853402]",duty,0.0331965914853402,False,False
CallOfDuty,neutral,"['warfare', 0.02635511836680834]",warfare,0.02635511836680834,False,False
CallOfDuty,neutral,"['modern', 0.025680543345565424]",modern,0.025680543345565424,False,False
CallOfDuty,neutral,"['war', 0.025541451363516942]",war,0.025541451363516942,False,False
CallOfDuty,neutral,"['mw', 0.02453595883319522]",mw,0.02453595883319522,False,False
CallOfDuty,neutral,"['ghosts', 0.024391504685078887]",ghosts,0.024391504685078887,False,False
CallOfDuty,neutral,"['question', 0.02061599037607091]",question,0.02061599037607091,False,False
CallOfDuty,neutral,"['cold', 0.02023937806343436]",cold,0.02023937806343436,False,False
CallOfDuty,neutral,"['waw', 0.01794918475269043]",waw,0.01794918475269043,False,False
CallOfDuty,neutral,"['account', 0.017566556450358393]",account,0.017566556450358393,False,False
CallOfDuty,neutral,"['play', 0.015135995219665256]",play,0.015135995219665256,False,False
CallOfDuty,neutral,"['new', 0.014229280914455522]",new,0.014229280914455522,False,False
CallOfDuty,neutral,"['need', 0.013730661232004322]",need,0.013730661232004322,False,False
CallOfDuty,neutral,"['help', 0.01360118835207297]",help,0.01360118835207297,False,False
CallOfDuty,pos,"['mw2', 0.05848205035422981]",mw2,0.05848205035422981,True,False
CallOfDuty,pos,"['duty', 0.03820279386651666]",duty,0.03820279386651666,True,False
CallOfDuty,pos,"['war', 0.026391067197338296]",war,0.026391067197338296,True,False
CallOfDuty,pos,"['warzone', 0.026038185470240297]",warzone,0.026038185470240297,True,False
CallOfDuty,pos,"['warfare', 0.024298740928875913]",warfare,0.024298740928875913,True,False
CallOfDuty,pos,"['mw', 0.02393660596617034]",mw,0.02393660596617034,True,False
CallOfDuty,pos,"['cold', 0.02241907444836878]",cold,0.02241907444836878,True,False
CallOfDuty,pos,"['vanguard', 0.022000451893649225]",vanguard,0.022000451893649225,True,False
CallOfDuty,pos,"['modern', 0.021230737308598282]",modern,0.021230737308598282,True,False
CallOfDuty,pos,"['ops', 0.02021114591682744]",ops,0.02021114591682744,True,False
CallOfDuty,pos,"['bo2', 0.018441090047087924]",bo2,0.018441090047087924,True,False
CallOfDuty,pos,"['black', 0.017371452860995142]",black,0.017371452860995142,True,False
CallOfDuty,pos,"['best', 0.01601951292899787]",best,0.01601951292899787,True,False
CallOfDuty,pos,"['play', 0.014967024284835092]",play,0.014967024284835092,True,False
CallOfDuty,pos,"['multiplayer', 0.013120087466503852]",multiplayer,0.013120087466503852,True,False
FIFA,neg,"['team', 0.023431739123254632]",team,0.023431739123254632,False,True
FIFA,neg,"['ea', 0.02256095035880995]",ea,0.02256095035880995,False,True
FIFA,neg,"['help', 0.019896805932536465]",help,0.019896805932536465,False,True
FIFA,neg,"['fut', 0.015028987284705364]",fut,0.015028987284705364,False,True
FIFA,neg,"['players', 0.013867702093271142]",players,0.013867702093271142,False,True
FIFA,neg,"['squad', 0.012015908831689272]",squad,0.012015908831689272,False,True
FIFA,neg,"['play', 0.0118586521675902]",play,0.0118586521675902,False,True
FIFA,neg,"['need', 0.01166121544759168]",need,0.01166121544759168,False,True
FIFA,neg,"['pc', 0.01069006889680293]",pc,0.01069006889680293,False,True
FIFA,neg,"['player', 0.009746965661822607]",player,0.009746965661822607,False,True
FIFA,neg,"['upgrade', 0.009633906528223197]",upgrade,0.009633906528223197,False,True
FIFA,neg,"['suggestions', 0.0083692360930113]",suggestions,0.0083692360930113,False,True
FIFA,neg,"['sbc', 0.007652809041499822]",sbc,0.007652809041499822,False,True
FIFA,neg,"['got', 0.007478807099144232]",got,0.007478807099144232,False,True
FIFA,neg,"['chem', 0.007442360536390912]",chem,0.007442360536390912,False,True
FIFA,neutral,"['team', 0.031456014524040406]",team,0.031456014524040406,False,False
FIFA,neutral,"['fut', 0.023911506576701557]",fut,0.023911506576701557,False,False
FIFA,neutral,"['ea', 0.018953062244539715]",ea,0.018953062244539715,False,False
FIFA,neutral,"['players', 0.01809055921734634]",players,0.01809055921734634,False,False
FIFA,neutral,"['22', 0.014787670963567359]",22,0.014787670963567359,False,False
FIFA,neutral,"['play', 0.013946547031751398]",play,0.013946547031751398,False,False
FIFA,neutral,"['player', 0.013330220175878166]",player,0.013330220175878166,False,False
FIFA,neutral,"['help', 0.01275471620562908]",help,0.01275471620562908,False,False
FIFA,neutral,"['sbc', 0.012070298541064858]",sbc,0.012070298541064858,False,False
FIFA,neutral,"['icon', 0.011608269943181374]",icon,0.011608269943181374,False,False
FIFA,neutral,"['thoughts', 0.011334028116760883]",thoughts,0.011334028116760883,False,False
FIFA,neutral,"['squad', 0.011057012764358002]",squad,0.011057012764358002,False,False
FIFA,neutral,"['ultimate', 0.010886844061723862]",ultimate,0.010886844061723862,False,False
FIFA,neutral,"['packs', 0.010861773449606827]",packs,0.010861773449606827,False,False
FIFA,neutral,"['champs', 0.010601041736667009]",champs,0.010601041736667009,False,False
FIFA,pos,"['best', 0.0211055478766212]",best,0.0211055478766212,True,False
FIFA,pos,"['icon', 0.019561824520027707]",icon,0.019561824520027707,True,False
FIFA,pos,"['team', 0.019208429782336223]",team,0.019208429782336223,True,False
FIFA,pos,"['pack', 0.018381728273630847]",pack,0.018381728273630847,True,False
FIFA,pos,"['sbc', 0.017171435717228175]",sbc,0.017171435717228175,True,False
FIFA,pos,"['player', 0.017127193440624754]",player,0.017127193440624754,True,False
FIFA,pos,"['fut', 0.017050345110038986]",fut,0.017050345110038986,True,False
FIFA,pos,"['players', 0.01450452936701326]",players,0.01450452936701326,True,False
FIFA,pos,"['22', 0.01380563489697407]",22,0.01380563489697407,True,False
FIFA,pos,"['23', 0.012770342682606461]",23,0.012770342682606461,True,False
FIFA,pos,"['packs', 0.011982066798516575]",packs,0.011982066798516575,True,False
FIFA,pos,"['toty', 0.01176921095105926]",toty,0.01176921095105926,True,False
FIFA,pos,"['tots', 0.011646803649934192]",tots,0.011646803649934192,True,False
FIFA,pos,"['play', 0.011212894934954552]",play,0.011212894934954552,True,False
FIFA,pos,"['card', 0.010025252377388848]",card,0.010025252377388848,True,False
FinalFantasy,neg,"['help', 0.021600222789034777]",help,0.021600222789034777,False,True
FinalFantasy,neg,"['play', 0.01278281972135475]",play,0.01278281972135475,False,True
FinalFantasy,neg,"['like', 0.011260095582144858]",like,0.011260095582144858,False,True
FinalFantasy,neg,"['don', 0.010394888023386091]",don,0.010394888023386091,False,True
FinalFantasy,neg,"['ffx', 0.009720384203636984]",ffx,0.009720384203636984,False,True
FinalFantasy,neg,"['remake', 0.009422487360706474]",remake,0.009422487360706474,False,True
FinalFantasy,neg,"['need', 0.009314010246377482]",need,0.009314010246377482,False,True
FinalFantasy,neg,"['think', 0.00865285382870307]",think,0.00865285382870307,False,True
FinalFantasy,neg,"['ff7', 0.008548085337263233]",ff7,0.008548085337263233,False,True
FinalFantasy,neg,"['playing', 0.008362959281624796]",playing,0.008362959281624796,False,True
FinalFantasy,neg,"['does', 0.00786106331179399]",does,0.00786106331179399,False,True
FinalFantasy,neg,"['bad', 0.007854641316316451]",bad,0.007854641316316451,False,True
FinalFantasy,neg,"['stuck', 0.007770447915159315]",stuck,0.007770447915159315,False,True
FinalFantasy,neg,"['know', 0.007672417267635757]",know,0.007672417267635757,False,True
FinalFantasy,neg,"['square', 0.007494807497484573]",square,0.007494807497484573,False,True
FinalFantasy,neutral,"['tips', 0.039329178998958575]",tips,0.039329178998958575,False,False
FinalFantasy,neutral,"['ffx', 0.0354355175033537]",ffx,0.0354355175033537,False,False
FinalFantasy,neutral,"['boss', 0.034478259175949516]",boss,0.034478259175949516,False,False
FinalFantasy,neutral,"['play', 0.033294809298787545]",play,0.033294809298787545,False,False
FinalFantasy,neutral,"['better', 0.028741645292802775]",better,0.028741645292802775,False,False
FinalFantasy,neutral,"['time', 0.02587477594465769]",time,0.02587477594465769,False,False
FinalFantasy,neutral,"['remake', 0.025614037174186973]",remake,0.025614037174186973,False,False
FinalFantasy,neutral,"['people', 0.024215903685428353]",people,0.024215903685428353,False,False
FinalFantasy,neutral,"['like', 0.02314719549193237]",like,0.02314719549193237,False,False
FinalFantasy,neutral,"['level', 0.021303213091188638]",level,0.021303213091188638,False,False
FinalFantasy,neutral,"['beat', 0.02]",beat,0.02,False,False
FinalFantasy,neutral,"['dream', 0.02]",dream,0.02,False,False
FinalFantasy,neutral,"['isn', 0.02]",isn,0.02,False,False
FinalFantasy,neutral,"['xiii', 0.019595179419675667]",xiii,0.019595179419675667,False,False
FinalFantasy,neutral,"['playthrough', 0.01838790688335973]",playthrough,0.01838790688335973,False,False
FinalFantasy,pos,"['ff7', 0.0180816534271165]",ff7,0.0180816534271165,True,False
FinalFantasy,pos,"['remake', 0.017941499267416117]",remake,0.017941499267416117,True,False
FinalFantasy,pos,"['art', 0.01770745939362689]",art,0.01770745939362689,True,False
FinalFantasy,pos,"['tifa', 0.016672548276006116]",tifa,0.016672548276006116,True,False
FinalFantasy,pos,"['pixel', 0.014941059797209694]",pixel,0.014941059797209694,True,False
FinalFantasy,pos,"['cloud', 0.014701212648229153]",cloud,0.014701212648229153,True,False
FinalFantasy,pos,"['vii', 0.013099977093638693]",vii,0.013099977093638693,True,False
FinalFantasy,pos,"['ffx', 0.0129272201317243]",ffx,0.0129272201317243,True,False
FinalFantasy,pos,"['time', 0.012571715254451117]",time,0.012571715254451117,True,False
FinalFantasy,pos,"['best', 0.012511640951341722]",best,0.012511640951341722,True,False
FinalFantasy,pos,"['remaster', 0.012261946198511542]",remaster,0.012261946198511542,True,False
FinalFantasy,pos,"['oc', 0.011802791714247]",oc,0.011802791714247,True,False
FinalFantasy,pos,"['favorite', 0.011280237627532011]",favorite,0.011280237627532011,True,False
FinalFantasy,pos,"['cosplay', 0.010954424555940869]",cosplay,0.010954424555940869,True,False
FinalFantasy,pos,"['play', 0.010722573176087357]",play,0.010722573176087357,True,False
GTA,neg,"['help', 0.03931542447007892]",help,0.03931542447007892,False,True
GTA,neg,"['car', 0.015423956954638246]",car,0.015423956954638246,False,True
GTA,neg,"['need', 0.012278367746050978]",need,0.012278367746050978,False,True
GTA,neg,"['know', 0.012155442093074988]",know,0.012155442093074988,False,True
GTA,neg,"['mission', 0.011787216883444104]",mission,0.011787216883444104,False,True
GTA,neg,"['rockstar', 0.011492576964239234]",rockstar,0.011492576964239234,False,True
GTA,neg,"['fix', 0.011221991001376072]",fix,0.011221991001376072,False,True
GTA,neg,"['online', 0.01082122205086967]",online,0.01082122205086967,False,True
GTA,neg,"['glitch', 0.010354951370990136]",glitch,0.010354951370990136,False,True
GTA,neg,"['does', 0.010247318656129044]",does,0.010247318656129044,False,True
GTA,neg,"['like', 0.009855326843626125]",like,0.009855326843626125,False,True
GTA,neg,"['did', 0.009267144363850151]",did,0.009267144363850151,False,True
GTA,neg,"['question', 0.008296950476028115]",question,0.008296950476028115,False,True
GTA,neg,"['don', 0.007738922080776426]",don,0.007738922080776426,False,True
GTA,neg,"['money', 0.007242918984172366]",money,0.007242918984172366,False,True
GTA,neutral,"['rockstar', 0.023310584120380312]",rockstar,0.023310584120380312,False,False
GTA,neutral,"['online', 0.02302433864771732]",online,0.02302433864771732,False,False
GTA,neutral,"['wait', 0.019569612732412384]",wait,0.019569612732412384,False,False
GTA,neutral,"['does', 0.018356182095646184]",does,0.018356182095646184,False,False
GTA,neutral,"['like', 0.017737115292860116]",like,0.017737115292860116,False,False
GTA,neutral,"['say', 0.015948298929708313]",say,0.015948298929708313,False,False
GTA,neutral,"['missions', 0.01586576760120526]",missions,0.01586576760120526,False,False
GTA,neutral,"['sa', 0.015822699517452424]",sa,0.015822699517452424,False,False
GTA,neutral,"['looks', 0.01577462542702814]",looks,0.01577462542702814,False,False
GTA,neutral,"['play', 0.013907340729849614]",play,0.013907340729849614,False,False
GTA,neutral,"['mission', 0.013682527757751584]",mission,0.013682527757751584,False,False
GTA,neutral,"['heist', 0.013248983904708342]",heist,0.013248983904708342,False,False
GTA,neutral,"['meme', 0.012724259265916417]",meme,0.012724259265916417,False,False
GTA,neutral,"['city', 0.011775418697018643]",city,0.011775418697018643,False,False
GTA,neutral,"['perico', 0.011270258984129186]",perico,0.011270258984129186,False,False
GTA,pos,"['online', 0.02161570559554582]",online,0.02161570559554582,True,False
GTA,pos,"['san', 0.019919543468014222]",san,0.019919543468014222,True,False
GTA,pos,"['definitive', 0.01924430528869263]",definitive,0.01924430528869263,True,False
GTA,pos,"['andreas', 0.019019621782770654]",andreas,0.019019621782770654,True,False
GTA,pos,"['edition', 0.017731677359116214]",edition,0.017731677359116214,True,False
GTA,pos,"['city', 0.017193785169807022]",city,0.017193785169807022,True,False
GTA,pos,"['trilogy', 0.015912560003341798]",trilogy,0.015912560003341798,True,False
GTA,pos,"['rockstar', 0.01498962494295752]",rockstar,0.01498962494295752,True,False
GTA,pos,"['vice', 0.013920620815513592]",vice,0.013920620815513592,True,False
GTA,pos,"['car', 0.013223849985398365]",car,0.013223849985398365,True,False
GTA,pos,"['like', 0.011160291526304046]",like,0.011160291526304046,True,False
GTA,pos,"['ps4', 0.010798455748255165]",ps4,0.010798455748255165,True,False
GTA,pos,"['new', 0.01027578520093638]",new,0.01027578520093638,True,False
GTA,pos,"['best', 0.010084462267698957]",best,0.010084462267698957,True,False
GTA,pos,"['iv', 0.0100584528602627]",iv,0.0100584528602627,True,False
SuperMario,neg,"['like', 0.07835877326062833]",like,0.07835877326062833,False,True
SuperMario,neg,"['time', 0.05213234511025733]",time,0.05213234511025733,False,True
SuperMario,neg,"['gets', 0.05066213452966701]",gets,0.05066213452966701,False,True
SuperMario,neg,"['crazy', 0.037037037037037035]",crazy,0.037037037037037035,False,True
SuperMario,neg,"['school', 0.031688026268517445]",school,0.031688026268517445,False,True
SuperMario,neg,"['things', 0.030847968387956247]",things,0.030847968387956247,False,True
SuperMario,neg,"['right', 0.030313134688524836]",right,0.030313134688524836,False,True
SuperMario,neg,"['jump', 0.028963026248371774]",jump,0.028963026248371774,False,True
SuperMario,neg,"['movie', 0.028797456187719495]",movie,0.028797456187719495,False,True
SuperMario,neg,"['add', 0.02845359284969302]",add,0.02845359284969302,False,True
SuperMario,neg,"['swear', 0.027769128330681063]",swear,0.027769128330681063,False,True
SuperMario,neg,"['reaction', 0.027589224690836908]",reaction,0.027589224690836908,False,True
SuperMario,neg,"['rip', 0.02672077407502325]",rip,0.02672077407502325,False,True
SuperMario,neg,"['home', 0.026600360719273013]",home,0.026600360719273013,False,True
SuperMario,neg,"['wanted', 0.025771358561150984]",wanted,0.025771358561150984,False,True
SuperMario,pos,"['super', 0.15529286246335394]",super,0.15529286246335394,True,False
SuperMario,pos,"['bros', 0.06539057276845155]",bros,0.06539057276845155,True,False
SuperMario,pos,"['movie', 0.02963678281442066]",movie,0.02963678281442066,True,False
SuperMario,pos,"['vs', 0.02746605414642227]",vs,0.02746605414642227,True,False
SuperMario,pos,"['new', 0.0268567662698595]",new,0.0268567662698595,True,False
SuperMario,pos,"['party', 0.02359460704369571]",party,0.02359460704369571,True,False
SuperMario,pos,"['world', 0.0207729508699797]",world,0.0207729508699797,True,False
SuperMario,pos,"['10', 0.01358071771979397]",10,0.01358071771979397,True,False
SuperMario,pos,"['nintendo', 0.013239151463341566]",nintendo,0.013239151463341566,True,False
SuperMario,pos,"['like', 0.012327693054551937]",like,0.012327693054551937,True,False
SuperMario,pos,"['levels', 0.012295403602839405]",levels,0.012295403602839405,True,False
SuperMario,pos,"['song', 0.011617559120953401]",song,0.011617559120953401,True,False
SuperMario,pos,"['characters', 0.011218504330872039]",characters,0.011218504330872039,True,False
SuperMario,pos,"['music', 0.010491135805696808]",music,0.010491135805696808,True,False
SuperMario,pos,"['art', 0.009930227319945863]",art,0.009930227319945863,True,False
Tetris,neg,"['mobile', 0.032416076518374255]",mobile,0.032416076518374255,False,True
Tetris,neg,"['help', 0.02765907493852057]",help,0.02765907493852057,False,True
Tetris,neg,"['tetr', 0.02764507783659684]",tetr,0.02764507783659684,False,True
Tetris,neg,"['io', 0.02688461311375989]",io,0.02688461311375989,False,True
Tetris,neg,"['score', 0.02203059074015539]",score,0.02203059074015539,False,True
Tetris,neg,"['tips', 0.01891231458700283]",tips,0.01891231458700283,False,True
Tetris,neg,"['improve', 0.018047413071276757]",improve,0.018047413071276757,False,True
Tetris,neg,"['play', 0.017898525430776958]",play,0.017898525430776958,False,True
Tetris,neg,"['don', 0.01746971387421253]",don,0.01746971387421253,False,True
Tetris,neg,"['sprint', 0.016560173745557984]",sprint,0.016560173745557984,False,True
Tetris,neg,"['got', 0.016337168672893466]",got,0.016337168672893466,False,True
Tetris,neg,"['playing', 0.01558174465483104]",playing,0.01558174465483104,False,True
Tetris,neg,"['spin', 0.01547523043981861]",spin,0.01547523043981861,False,True
Tetris,neg,"['effect', 0.014068127767270266]",effect,0.014068127767270266,False,True
Tetris,neg,"['good', 0.013114869988812047]",good,0.013114869988812047,False,True
Tetris,neutral,"['effect', 0.09031241063521825]",effect,0.09031241063521825,False,False
Tetris,neutral,"['improvement', 0.056691284801447236]",improvement,0.056691284801447236,False,False
Tetris,neutral,"['setup', 0.05514784607961583]",setup,0.05514784607961583,False,False
Tetris,neutral,"['recommendations', 0.052345283714910935]",recommendations,0.052345283714910935,False,False
Tetris,neutral,"['choice', 0.05222646364691287]",choice,0.05222646364691287,False,False
Tetris,neutral,"['male', 0.05131996802118865]",male,0.05131996802118865,False,False
Tetris,neutral,"['female', 0.049682005783087145]",female,0.049682005783087145,False,False
Tetris,neutral,"['weapon', 0.048728198317444675]",weapon,0.048728198317444675,False,False
Tetris,neutral,"['youtube', 0.04860053589346531]",youtube,0.04860053589346531,False,False
Tetris,neutral,"['rate', 0.045395549221322704]",rate,0.045395549221322704,False,False
Tetris,neutral,"['opportunity', 0.04224014941889353]",opportunity,0.04224014941889353,False,False
Tetris,neutral,"['version', 0.039424071731088535]",version,0.039424071731088535,False,False
Tetris,neutral,"['art', 0.03931331939375835]",art,0.03931331939375835,False,False
Tetris,neutral,"['break', 0.03854075499765502]",break,0.03854075499765502,False,False
Tetris,neutral,"['pain', 0.03766614139580692]",pain,0.03766614139580692,False,False
Tetris,pos,"['score', 0.03456537835111278]",score,0.03456537835111278,True,False
Tetris,pos,"['new', 0.0288435254017982]",new,0.0288435254017982,True,False
Tetris,pos,"['got', 0.02334457638828156]",got,0.02334457638828156,True,False
Tetris,pos,"['tetr', 0.023043325547938608]",tetr,0.023043325547938608,True,False
Tetris,pos,"['good', 0.021923069568237585]",good,0.021923069568237585,True,False
Tetris,pos,"['io', 0.02181092390751952]",io,0.02181092390751952,True,False
Tetris,pos,"['nes', 0.021719733644945734]",nes,0.021719733644945734,True,False
Tetris,pos,"['finally', 0.020132440990336887]",finally,0.020132440990336887,True,False
Tetris,pos,"['best', 0.019874851367703717]",best,0.019874851367703717,True,False
Tetris,pos,"['effect', 0.019025677326793406]",effect,0.019025677326793406,True,False
Tetris,pos,"['sub', 0.015984890800446752]",sub,0.015984890800446752,True,False
Tetris,pos,"['time', 0.013579962531355856]",time,0.013579962531355856,True,False
Tetris,pos,"['high', 0.013514518131077326]",high,0.013514518131077326,True,False
Tetris,pos,"['record', 0.012987682527695077]",record,0.012987682527695077,True,False
Tetris,pos,"['sprint', 0.012840446306308952]",sprint,0.012840446306308952,True,False
assassinscreed,neg,"['valhalla', 0.032142499805871985]",valhalla,0.032142499805871985,False,True
assassinscreed,neg,"['unity', 0.02661507238508925]",unity,0.02661507238508925,False,True
assassinscreed,neg,"['assassins', 0.023480352574791953]",assassins,0.023480352574791953,False,True
assassinscreed,neg,"['help', 0.021791568716950628]",help,0.021791568716950628,False,True
assassinscreed,neg,"['ubisoft', 0.02162459421378543]",ubisoft,0.02162459421378543,False,True
assassinscreed,neg,"['odyssey', 0.016526040711043934]",odyssey,0.016526040711043934,False,True
assassinscreed,neg,"['flag', 0.01473821704526037]",flag,0.01473821704526037,False,True
assassinscreed,neg,"['origins', 0.013928705392756735]",origins,0.013928705392756735,False,True
assassinscreed,neg,"['black', 0.013135938796105995]",black,0.013135938796105995,False,True
assassinscreed,neg,"['syndicate', 0.012388731934937032]",syndicate,0.012388731934937032,False,True
assassinscreed,neg,"['need', 0.0118703922504242]",need,0.0118703922504242,False,True
assassinscreed,neg,"['play', 0.011783371169181796]",play,0.011783371169181796,False,True
assassinscreed,neg,"['bug', 0.010892344847441364]",bug,0.010892344847441364,False,True
assassinscreed,neg,"['know', 0.010715405215656199]",know,0.010715405215656199,False,True
assassinscreed,neg,"['does', 0.010495698682497143]",does,0.010495698682497143,False,True
assassinscreed,neutral,"['assassins', 0.041677363978772176]",assassins,0.041677363978772176,False,False
assassinscreed,neutral,"['valhalla', 0.03907840831419276]",valhalla,0.03907840831419276,False,False
assassinscreed,neutral,"['unity', 0.03350621417278937]",unity,0.03350621417278937,False,False
assassinscreed,neutral,"['origins', 0.030017481815402574]",origins,0.030017481815402574,False,False
assassinscreed,neutral,"['ubisoft', 0.028319688187366722]",ubisoft,0.028319688187366722,False,False
assassinscreed,neutral,"['help', 0.026371385096030535]",help,0.026371385096030535,False,False
assassinscreed,neutral,"['bug', 0.021212556426707104]",bug,0.021212556426707104,False,False
assassinscreed,neutral,"['new', 0.020377001976649486]",new,0.020377001976649486,False,False
assassinscreed,neutral,"['flag', 0.01914712613180062]",flag,0.01914712613180062,False,False
assassinscreed,neutral,"['need', 0.0188087963811739]",need,0.0188087963811739,False,False
assassinscreed,neutral,"['brotherhood', 0.01848849396592378]",brotherhood,0.01848849396592378,False,False
assassinscreed,neutral,"['odyssey', 0.01827562533220813]",odyssey,0.01827562533220813,False,False
assassinscreed,neutral,"['setting', 0.016485945688337354]",setting,0.016485945688337354,False,False
assassinscreed,neutral,"['real', 0.015503982186887163]",real,0.015503982186887163,False,False
assassinscreed,neutral,"['ezio', 0.015263406071152508]",ezio,0.015263406071152508,False,False
assassinscreed,pos,"['valhalla', 0.07740572021738953]",valhalla,0.07740572021738953,True,False
assassinscreed,pos,"['assassins', 0.035273998040494685]",assassins,0.035273998040494685,True,False
assassinscreed,pos,"['odyssey', 0.03472651586726895]",odyssey,0.03472651586726895,True,False
assassinscreed,pos,"['origins', 0.028561940533127408]",origins,0.028561940533127408,True,False
assassinscreed,pos,"['unity', 0.026539999702580277]",unity,0.026539999702580277,True,False
assassinscreed,pos,"['ezio', 0.018612494226476976]",ezio,0.018612494226476976,True,False
assassinscreed,pos,"['flag', 0.015380213976324785]",flag,0.015380213976324785,True,False
assassinscreed,pos,"['spoilers', 0.013534887438206659]",spoilers,0.013534887438206659,True,False
assassinscreed,pos,"['question', 0.013276527962262034]",question,0.013276527962262034,True,False
assassinscreed,pos,"['black', 0.012633277565303315]",black,0.012633277565303315,True,False
assassinscreed,pos,"['play', 0.012299706964765603]",play,0.012299706964765603,True,False
assassinscreed,pos,"['brotherhood', 0.012136478570847513]",brotherhood,0.012136478570847513,True,False
assassinscreed,pos,"['dlc', 0.01202469115796253]",dlc,0.01202469115796253,True,False
assassinscreed,pos,"['new', 0.011470373957628907]",new,0.011470373957628907,True,False
assassinscreed,pos,"['syndicate', 0.011368346021928488]",syndicate,0.011368346021928488,True,False
legostarwars,neg,"['help', 0.02291349861996808]",help,0.02291349861996808,False,True
legostarwars,neg,"['know', 0.014887052743910324]",know,0.014887052743910324,False,True
legostarwars,neg,"['lego', 0.014307531587511918]",lego,0.014307531587511918,False,True
legostarwars,neg,"['think', 0.013600043174105392]",think,0.013600043174105392,False,True
legostarwars,neg,"['need', 0.01347887573067274]",need,0.01347887573067274,False,True
legostarwars,neg,"['got', 0.012871409939059249]",got,0.012871409939059249,False,True
legostarwars,neg,"['set', 0.012659420856929657]",set,0.012659420856929657,False,True
legostarwars,neg,"['don', 0.011139794770817718]",don,0.011139794770817718,False,True
legostarwars,neg,"['does', 0.01093580094251435]",does,0.01093580094251435,False,True
legostarwars,neg,"['bad', 0.010055113478497872]",bad,0.010055113478497872,False,True
legostarwars,neg,"['like', 0.009953772058344463]",like,0.009953772058344463,False,True
legostarwars,neg,"['look', 0.008701985819345857]",look,0.008701985819345857,False,True
legostarwars,neg,"['question', 0.00848246597078305]",question,0.00848246597078305,False,True
legostarwars,neg,"['misprint', 0.008461197731940073]",misprint,0.008461197731940073,False,True
legostarwars,neg,"['helmet', 0.008373737899263918]",helmet,0.008373737899263918,False,True
legostarwars,neutral,"['megathread', 0.06332621958215987]",megathread,0.06332621958215987,False,False
legostarwars,neutral,"['deal', 0.06067487111938936]",deal,0.06067487111938936,False,False
legostarwars,neutral,"['buy', 0.05802443011559313]",buy,0.05802443011559313,False,False
legostarwars,neutral,"['good', 0.0424994306931859]",good,0.0424994306931859,False,False
legostarwars,neutral,"['does', 0.03231362039402556]",does,0.03231362039402556,False,False
legostarwars,neutral,"['know', 0.025273584352547417]",know,0.025273584352547417,False,False
legostarwars,neutral,"['lego', 0.02354277185311948]",lego,0.02354277185311948,False,False
legostarwars,neutral,"['display', 0.019698885060152143]",display,0.019698885060152143,False,False
legostarwars,neutral,"['army', 0.019522384712940224]",army,0.019522384712940224,False,False
legostarwars,neutral,"['set', 0.01890509921119471]",set,0.01890509921119471,False,False
legostarwars,neutral,"['new', 0.01871167706263406]",new,0.01871167706263406,False,False
legostarwars,neutral,"['figure', 0.01861462189972366]",figure,0.01861462189972366,False,False
legostarwars,neutral,"['think', 0.017912636197772728]",think,0.017912636197772728,False,False
legostarwars,neutral,"['star', 0.017456863983645786]",star,0.017456863983645786,False,False
legostarwars,neutral,"['guys', 0.016566395400460406]",guys,0.016566395400460406,False,False
legostarwars,pos,"['lego', 0.05129142400672673]",lego,0.05129142400672673,True,False
legostarwars,pos,"['set', 0.034055504205969665]",set,0.034055504205969665,True,False
legostarwars,pos,"['moc', 0.02925376613102112]",moc,0.02925376613102112,True,False
legostarwars,pos,"['star', 0.028273388788356175]",star,0.028273388788356175,True,False
legostarwars,pos,"['wars', 0.02719696018434349]",wars,0.02719696018434349,True,False
legostarwars,pos,"['sets', 0.0236641402251436]",sets,0.0236641402251436,True,False
legostarwars,pos,"['collection', 0.023346662642208187]",collection,0.023346662642208187,True,False
legostarwars,pos,"['got', 0.01928632282941693]",got,0.01928632282941693,True,False
legostarwars,pos,"['ucs', 0.01802934996327328]",ucs,0.01802934996327328,True,False
legostarwars,pos,"['new', 0.016839365799420535]",new,0.016839365799420535,True,False
legostarwars,pos,"['clone', 0.01614793004393222]",clone,0.01614793004393222,True,False
legostarwars,pos,"['custom', 0.01613568588333935]",custom,0.01613568588333935,True,False
legostarwars,pos,"['build', 0.014368715232416928]",build,0.014368715232416928,True,False
legostarwars,pos,"['finally', 0.013358331346347056]",finally,0.013358331346347056,True,False
legostarwars,pos,"['501st', 0.012322061200046017]",501st,0.012322061200046017,True,False
pokemon,neg,"['help', 0.03309612707942153]",help,0.03309612707942153,False,True
pokemon,neg,"['pokémon', 0.021726759630321623]",pokémon,0.021726759630321623,False,True
pokemon,neg,"['need', 0.016309297561752277]",need,0.016309297561752277,False,True
pokemon,neg,"['question', 0.014041797785514513]",question,0.014041797785514513,False,True
pokemon,neg,"['gen', 0.013201458715373336]",gen,0.013201458715373336,False,True
pokemon,neg,"['like', 0.01058612091230767]",like,0.01058612091230767,False,True
pokemon,neg,"['type', 0.010553659831829645]",type,0.010553659831829645,False,True
pokemon,neg,"['think', 0.010214351252293334]",think,0.010214351252293334,False,True
pokemon,neg,"['team', 0.009558390095241068]",team,0.009558390095241068,False,True
pokemon,neg,"['know', 0.008859986734850429]",know,0.008859986734850429,False,True
pokemon,neg,"['does', 0.008674307494163251]",does,0.008674307494163251,False,True
pokemon,neg,"['don', 0.008612199772450218]",don,0.008612199772450218,False,True
pokemon,neg,"['shiny', 0.007990738224357346]",shiny,0.007990738224357346,False,True
pokemon,neg,"['scarlet', 0.007062335551465466]",scarlet,0.007062335551465466,False,True
pokemon,neg,"['did', 0.0069748561107667575]",did,0.0069748561107667575,False,True
pokemon,neutral,"['pokémon', 0.06721424195352826]",pokémon,0.06721424195352826,False,False
pokemon,neutral,"['help', 0.021131385632648835]",help,0.021131385632648835,False,False
pokemon,neutral,"['gen', 0.01738950016519099]",gen,0.01738950016519099,False,False
pokemon,neutral,"['team', 0.015473060165177683]",team,0.015473060165177683,False,False
pokemon,neutral,"['shiny', 0.014332686375621491]",shiny,0.014332686375621491,False,False
pokemon,neutral,"['oc', 0.01395360900093115]",oc,0.01395360900093115,False,False
pokemon,neutral,"['starter', 0.012387664558815209]",starter,0.012387664558815209,False,False
pokemon,neutral,"['think', 0.011509241443995776]",think,0.011509241443995776,False,False
pokemon,neutral,"['cards', 0.011436112622435348]",cards,0.011436112622435348,False,False
pokemon,neutral,"['got', 0.010942466314730122]",got,0.010942466314730122,False,False
pokemon,neutral,"['thought', 0.010457769366936381]",thought,0.010457769366936381,False,False
pokemon,neutral,"['need', 0.009593257313439914]",need,0.009593257313439914,False,False
pokemon,neutral,"['type', 0.00925063266302507]",type,0.00925063266302507,False,False
pokemon,neutral,"['post', 0.00894149039235115]",post,0.00894149039235115,False,False
pokemon,neutral,"['ideas', 0.008718711352738474]",ideas,0.008718711352738474,False,False
pokemon,pos,"['pokémon', 0.05358948257424932]",pokémon,0.05358948257424932,True,False
pokemon,pos,"['oc', 0.029752145495940203]",oc,0.029752145495940203,True,False
pokemon,pos,"['shiny', 0.01830083060488536]",shiny,0.01830083060488536,True,False
pokemon,pos,"['favorite', 0.014160634112432553]",favorite,0.014160634112432553,True,False
pokemon,pos,"['new', 0.012874191617000302]",new,0.012874191617000302,True,False
pokemon,pos,"['team', 0.012076403296000154]",team,0.012076403296000154,True,False
pokemon,pos,"['gen', 0.011737177108932767]",gen,0.011737177108932767,True,False
pokemon,pos,"['like', 0.011675174910741439]",like,0.011675174910741439,True,False
pokemon,pos,"['arceus', 0.011519813829727051]",arceus,0.011519813829727051,True,False
pokemon,pos,"['legends', 0.010965670247276791]",legends,0.010965670247276791,True,False
pokemon,pos,"['best', 0.010907783007510701]",best,0.010907783007510701,True,False
pokemon,pos,"['violet', 0.009259490056215437]",violet,0.009259490056215437,True,False
pokemon,pos,"['think', 0.008979798786118995]",think,0.008979798786118995,True,False
pokemon,pos,"['drew', 0.008945935280082903]",drew,0.008945935280082903,True,False
pokemon,pos,"['type', 0.008875554609462091]",type,0.008875554609462091,True,False
thesims,neg,"['help', 0.030981756684047367]",help,0.030981756684047367,False,True
thesims,neg,"['like', 0.015039011487935185]",like,0.015039011487935185,False,True
thesims,neg,"['don', 0.012663186768551205]",don,0.012663186768551205,False,True
thesims,neg,"['know', 0.012270211307891564]",know,0.012270211307891564,False,True
thesims,neg,"['cc', 0.011805339445447476]",cc,0.011805339445447476,False,True
thesims,neg,"['does', 0.010757605781947292]",does,0.010757605781947292,False,True
thesims,neg,"['ea', 0.009797393710530644]",ea,0.009797393710530644,False,True
thesims,neg,"['make', 0.009675001038385438]",make,0.009675001038385438,False,True
thesims,neg,"['think', 0.009572827590167737]",think,0.009572827590167737,False,True
thesims,neg,"['fix', 0.00895380721139503]",fix,0.00895380721139503,False,True
thesims,neg,"['mods', 0.008481307213477231]",mods,0.008481307213477231,False,True
thesims,neg,"['glitch', 0.008310657288842225]",glitch,0.008310657288842225,False,True
thesims,neg,"['new', 0.008269947882997404]",new,0.008269947882997404,False,True
thesims,neg,"['need', 0.008250865139465356]",need,0.008250865139465356,False,True
thesims,neg,"['won', 0.00759555534698015]",won,0.00759555534698015,False,True
thesims,neutral,"['does', 0.029793983512390293]",does,0.029793983512390293,False,False
thesims,neutral,"['cc', 0.024727776598704666]",cc,0.024727776598704666,False,False
thesims,neutral,"['work', 0.0212255271271911]",work,0.0212255271271911,False,False
thesims,neutral,"['challenge', 0.017874263182063248]",challenge,0.017874263182063248,False,False
thesims,neutral,"['new', 0.017215718336644054]",new,0.017215718336644054,False,False
thesims,neutral,"['mods', 0.017141273958617698]",mods,0.017141273958617698,False,False
thesims,neutral,"['know', 0.016871474748593396]",know,0.016871474748593396,False,False
thesims,neutral,"['ve', 0.01572843572137229]",ve,0.01572843572137229,False,False
thesims,neutral,"['mac', 0.015521633934328578]",mac,0.015521633934328578,False,False
thesims,neutral,"['mod', 0.013795180808182069]",mod,0.013795180808182069,False,False
thesims,neutral,"['hair', 0.013790451555605564]",hair,0.013790451555605564,False,False
thesims,neutral,"['bug', 0.013160068376536696]",bug,0.013160068376536696,False,False
thesims,neutral,"['ts4', 0.01282634592046063]",ts4,0.01282634592046063,False,False
thesims,neutral,"['house', 0.012529886199914327]",house,0.012529886199914327,False,False
thesims,neutral,"['origin', 0.012318917426977943]",origin,0.012318917426977943,False,False
thesims,pos,"['cc', 0.031083752030199762]",cc,0.031083752030199762,True,False
thesims,pos,"['house', 0.020699056031578365]",house,0.020699056031578365,True,False
thesims,pos,"['new', 0.01785279886115697]",new,0.01785279886115697,True,False
thesims,pos,"['build', 0.016777436216283536]",build,0.016777436216283536,True,False
thesims,pos,"['mod', 0.015149086588072161]",mod,0.015149086588072161,True,False
thesims,pos,"['family', 0.013613522677961246]",family,0.013613522677961246,True,False
thesims,pos,"['love', 0.013327892560737752]",love,0.013327892560737752,True,False
thesims,pos,"['built', 0.013287598036294795]",built,0.013287598036294795,True,False
thesims,pos,"['pack', 0.013174136491580462]",pack,0.013174136491580462,True,False
thesims,pos,"['like', 0.012913006185115657]",like,0.012913006185115657,True,False
thesims,pos,"['mods', 0.012837232089482637]",mods,0.012837232089482637,True,False
thesims,pos,"['challenge', 0.011108920866615486]",challenge,0.011108920866615486,True,False
thesims,pos,"['home', 0.01075975314958609]",home,0.01075975314958609,True,False
thesims,pos,"['gallery', 0.010462521058304277]",gallery,0.010462521058304277,True,False
thesims,pos,"['cottage', 0.010223455334659395]",cottage,0.010223455334659395,True,False
